Quarter,Product_A,Product_B,Product_C,Product_D,Total_Sales,Quarter_Total
2025Q1,62.333333333333336,66.0,40.0,35.0,203.33333333333334,610
2025Q2,76.66666666666667,45.333333333333336,27.0,30.333333333333332,179.33333333333334,538
2025Q3,79.66666666666667,65.66666666666667,41.333333333333336,37.0,223.66666666666666,671
2025Q4,76.33333333333333,56.333333333333336,39.666666666666664,32.333333333333336,204.66666666666666,614
