Quarter,Product_A,Product_B,Product_C,Product_D,Total_Sales,Quarter_Total
2025Q1,77.33333333333333,52.666666666666664,32.666666666666664,41.333333333333336,204.0,612
2025Q2,64.33333333333333,54.333333333333336,47.0,33.666666666666664,199.33333333333334,598
2025Q3,73.0,51.0,37.333333333333336,23.333333333333332,184.66666666666666,554
2025Q4,78.66666666666667,52.0,48.0,32.333333333333336,211.0,633
